제목,내용,글_라벨
와 컴퓨토ㅣ터하다 목에 담걸려서,"운동2주쉬었음
다녹았노",clean
할건가요,에,clean
님아 열매외우는겜이네,최적열매외워야됫던거임,clean
가자,가자지구,clean
함하자,네,LABEL_8
님아 롤체갤엉님들이,이번통계분석해보니깐 기물락시즌맞대요,clean
어우졸려시박거,네,clean
슈프림셀 이 어머같은 시너지,절대다시안한다,clean
하자,고,clean
아니 메타티에프티 지금보니까,또바뀌어잇네 머냐,clean
마치이런거죠,우간다로전학가자마자 전교1등했어요,clean
아니 님이랑 안한판 2등 1등함,모래주머니인가이게,clean
공략을보세요,아시겟죠,clean
인스타보다가 덥스텝인지 뭔지 봤는디,걍 오타게수준인데? 억지 활발함느낌 ㅇㅇ,clean
곧갑니다,할게없어이제,clean
기다릴게 언제라도,출발할수잇도록,clean
내일은해물찜먹는날,낄낄,clean
아 공수래공수거라고 답변할걸,이게왜지금떠올랐지,clean
못생길수록 인터넷어서 어쩌고,네,clean
공수 어케공부하면되냐,"그냥 공식 외우면됨?
칼복때문에 공수1 공부중인데 파고들면서 공부하려니 시간 존나오래걸리네

그냥 미방푸는법 대충 외워두고 라플라스같은거 개념만 알면 공수2 하는데 문제없냐",clean
이거 또 확률 건들엿네,부정리롤 조사하라,clean
자해볼까요,자해 볼까요,clean
이번시즌 운없는이유알아냄,절대안쓰이는 4코가 쥰내만아서 안겹친덱해도 원하는거 2성안붙음,clean
오늘 맛있는만화많네,기분짱,LABEL_8
전럽코안봄,전성기시절 다까끼양제외,clean
대학원에서도 만붕마위 가능한가요,진지함,clean
오늘도하나요,로루체쓩,clean
아니 신데쿠레 죽을 사를 タヒ로쓰네,가사 사이트에서 死んでくれ가 아니가 タヒんでくれ로 적혀잇음,clean
오네가이 신데쿠레,,clean
나라꼴 정상인데?,네 ㅇㅇ..,clean
나라꼴이 말이아니네요,네,clean
내 위대함을 알았는가,낄낄!,clean
하자고오고오고오,고오쓰,LABEL_9
언제할가요,네,clean
럴체할사럼,럴체하자,clean
여기에 오뎅을 넣지 마란 법 있을까?,,clean
그럼가서만나나요,나도헬로우챗인가 그거해야하나,clean
시발 네토후리가 어케 넷플릭스임,어위가없네,clean
고기고기 가가기가가기고기,고기먹고싶다,clean
왜 우리나라는 남녀비가 1:5가 아닌거임.,왜지.,clean
고기묵자고 소리쳐,꺄앙!!!!!!!!!!!!!!!!!!!!!!!!!!!!!!!!!!!,clean
가지마가지마가지마~,,LABEL_1
히잡슨년이 담배피네,남편이 안때리나,clean
아주르 프로밀리아인가,이거도 시비티하면 신청해봐야겟다,clean
놀자,나랑놀래아니면똥쌀래,LABEL_1
엉덩이엉고기,엉엉,clean
야,"드디어붙어서
좆깉은시험 ㅅㅂ년",clean
지금상황,,clean
하자,시요오,clean
마이크키고하자,그럼재밋을듯,clean
닉네임 한국어니까,"1번이 이게 디시지 감성으로 시비검
이게 조센징인가",LABEL_1
응가응가응가,똥,clean
윤회란 있는가,있다면 망설임 없이 가노라,clean
똥똥똥,응가,clean
경쟁전이 12시까지라뇨,,LABEL_9
츠케멘묵자고,2트째,clean
음 그래그래,이게 나야,clean
나도 털바퀴가되고싶다,,clean
시발롬아,나도시켜줘잉,clean
난 이게 배그보다 재밋다,,clean
핑은 내가 아시아서버가 아니엇다는사실,35핑이네요,clean
얼마나 재밋으면,글을 3개나 썻겟어,LABEL_3
이거 초대되기는 하는데,초대하면 님 할거임?,clean
근데 핑이,어머없네,clean
개호감이네 일단 그래픽이 내가,"원하던 그래픽이야
근데 먼템을 쳐먹는지는 모르겟음",clean
놀자,자놀,clean
리유나이생각하면,저랑동갑인데요,clean
시비티당첨댐,,clean
리유 나이 생각하면 마을버스급아닌가,아님말고,clean
치킨먹고싶군.,네.,clean
님아ㅈ됨,https://m.dcinside.com/board/dcbest/350101,clean
케데헌 좆같은이유,"김치워리어mk2 만든다고 스파이더맨 애니 밀림
니애미",clean
케데헌 잼잇음?,보신분,clean
결국 주인공입학전 스토리 나오네요,초록이를 살리려는 똥꼬쇼,clean
님아 이번 N2에,"기상, 귀성 물어보는문제 각각 총2개 나왓대요

러브라이브보면 자다가도 떡이생긴다

네",LABEL_1
1킬당미션받습니다,,clean
94년작이라 뻔한건가,그땐 참신햇던거겟죠,clean
엉생묵자,예상답변) 2045년부터가능,clean
자이자이자슥아,,clean
요즘진짜할게없다,이정도로없던적이없음.,clean
재명지원금으로 츠케멘?,가능한가요?,clean
츠케멘먹으러가자,어떤데,clean
놉시다,네,clean
지역인재 7급 << 이건가요,졸업해도 추천받아진다는데,clean
이번학기하고 휴학할까,4-2까지 가면 지역인재 못받는다고함,clean
아 헬스 진짜 재미없네,발전도 없고 뭐 걍 딸딸이치고 누워자는게 이득인듯,LABEL_1
저녁추천해보라이,네,clean
똥,드삼,clean
만붕마위의 주인공이되고싶다,,clean
심심하다,네,clean
이거 진짜에요?,ㄷㄷㄷ,clean
모기가 발만물엇어,,clean
첫사건까지 3.4시간,힘드니까 이제 자야지,clean
카메라 맞잔아 이생귀ㅏ양,그런흐름으로 가고잇아ㅓ요,clean
아 스 바,ㅁㅡ모기,clean
온난화때매 장마없어졋다고,염병호들갑떨더만 일주일내내비온다하노,clean
어제말한거 누가햇네,,clean
고물로이드 하마양 분양받고싶다,네,clean
놀장께,산책하장께,clean
제 세대는 이건데,네,clean
윈드슬레이어 << 이거 이틀뒤에 재출시됨,,clean
배고프다고요,네,clean
맞짱뜨자,ㅇㅇ,clean
일드를 얼마나좋아하면,일드추천키워드타고오죠,clean
아 만갤에서 잘 보던 만화,어매터진 회사가 또 지랄하네,clean
일드추천하세요,네,clean
불닭먹기 vs 참기,참기름,clean
습도인지 온도인지,너무덥다더워,clean
심심하다고요,,clean
왔어요 왔다구요,꾸러기닌자가~,LABEL_1
이기적인 놈,"이기적인놈. 나라가 망해도 좋다 이거냐?

폐경 5년 앞둔 30중반 한국여자랑 결혼해서 시험관에 수천써서 장애아 낳을까 조마조마하며 아이 둘 낳고 용돈30으로 버텨가며 평생 주담대 갚고 사교육비에 탕진하다 노년에 이혼당해 전재산 다 뺏기고 70에 죽는게 진정한 행복이란 말이다",clean
에혀,쿠소쿠라에,clean
이기적인놈 어쩌구 << 요즘 개쳐웃긴거,맨날 보이는데 걍 보이면 웃김,clean
개임추천좀요,네,clean
찐따같이생긴놈만 말걸은듯,ㅇㅇ,clean
사이비 야스포교 당할뻔함,네,LABEL_1
업보청산하기 좆같은데 어카지,3년만앞으로 돌아가면안될까,clean
아유하미다스모,에블바디하미다스모,clean
데스메이커 직가 << 이새긴진짜어머련이네,하참네,clean
배고파,네,clean
오늘 만갤에서 충격먹은거,츠무기가 리츠보다 인기없대,clean
몇시어디,네,clean
이.,"1
이미지 순서 ON",clean
꽁돈 받아가앙,"공짜로 74000원 받아가세용

1. 빗썸을 깐다

2. 회원가입 후 로그인

3. kb국민 계좌 등록

4.더보기 쿠폰 코드 등록. 초대코드에 APPLE12345 입력
>>>여기까지 5만원 지급

5.거래소 들어가서 테더 클릭>매수에서 시장가 선택>총액 옆에 있는 비율에서 최대로 설정 후 풀매수 > 똑같은 방식으로 풀 매도 (이렇게 해야 본인계좌로 입금 가능)

6. 홈 화면 맨 밑 두번째에 있는 혜택/서비스 클릭 > 혜택 존에서 받기 클릭

7. 웰컴 미션 모두 받기 >>>2만원 지급

8. 입출금 들어가서 kb국민 계좌로 74000원 확인 후 이 74000원을 5번 과정 한 번 더 진행

9. 입출금 들어와서 kb국민 계좌로 74000원 출금 진행

쇼핑 하러 가자 !!!",clean
오늘의 디시탐방:한국 메이드카페 갤러리,돈모아서 든든한 리얼돌 사먹을듯,clean
쌍둥이에요,네,clean
아도케나이콘나키모치모,아도겐,clean
아 술먹고 울면서 누군가한테 인생한탄 하고싶다,혼자 썩히려니까 곪는다,clean
님 저 135점인가나옴,모위고사,clean
구라 흑화육수들많던데,저포함,clean
목요일,목살의 목요일어때,clean
고기굽자고 5조5억1번째 말함,ㅇㅇ,clean
아 기사준비하는데 기분좋아짐,필기 한달남은줄 알았는데 두달남음,clean
후배들 얘기 듣다보면,"개 좆도 아닌거로 고민하고 있는 경우가 많은데
지금 내가 고민하는것도 어른들이 보면 개 좆도 아닌거겠지..",clean
만갤이망햇어요,,clean
금요일 저녁에 헬스장을 누가 감ㅋㅋ,ㅋㅋ,clean
B급인생,,clean
가우르구라 << 쫌 짜치는데,,LABEL_1
아잠이안와,배고파서그런가,clean
고기 구워먹고싶긴하다,,clean
에인 노 마운틴 하이~ 이넢~,,clean
나 위로해줘,힘들어,clean
그럼내일,"엉생

네",clean
교촌먹자고,네,clean
놀장께?,네,clean
응아묵땨,,clean
놀자,치킨먹자,LABEL_1
저 산맥은 말도없이,5천년을 살앗네,clean
랩스 랩스 랩스 베타대학생,저학점 졸업하고 백수되지요,clean
오케이 공기업 올인할게요,방학때 전기기사 한국사 딸게요,clean
랩스님 힘내세요,합격률6.9퍼래요,clean
단백질 보충제 뭐가 좋음,추천해줘,clean
쾌 도 난 무,,clean
화상면접때,오빠는끝피규어보이면 어케됨?,clean
진짜 피시방 가는거 오랜만이네,내가 원해서 가는 피시방,clean
응가똥스토리 흥햇대요,똥뿌직스토리 신직업,clean
하도 굴 떡밥을 많이보니까,굴 존나 땡기네,clean
나는 낭~만 고~양이~,ok,clean
성대역 너머 살기 ㄱㅊ나,공학관까지 너무멀거같은데,LABEL_1
ㅈ됫다,우산없이 식당에갇힘,clean
님 접이식이 먼지암?,일본어로,clean
요즘 카나데가좋다,사랑인걸까,clean
도란의 검,,clean
똥싸,네,clean
야~,호,clean
엘나스노래들으면서,자야지,clean
저녁2인분먹엇더니 배터지겟어,네,clean
극장판이래,네,clean
애니화됫어요,기껏 졸업시켜놓고 재취직함,clean
놀장게,네,LABEL_8
스벌롬아,네,clean
제 최애 실베데뷔함,"https://m.dcinside.com/board/dcbest/337185
 일본의 미쳐버린 신용카드 근황.jpg - 실시간 베스트 갤러리
니가 쓴 카드 포인트 연예인한테 감 18%짜리 리볼링 강제가입 금감원 없는 동네는 카드도 레전드누ㅋㅋㅋㅋ 곧 현카가 벤치마킹 해가는거 아니겠지?
m.dcinside.com",clean
신직업 흠스럽네,흠,clean
大木 읽는법맞춰보세요,개억지아님?,clean
님아,그게임이나 할까싶음,clean
2급단어 벽느낌,"첫쪽지시험 거의다틀림

네",clean
찍먹하고 종강하고,네,clean
다음주 poe확장판출시,네,clean
오늘 거의 토요일급 휴식이었는데,2일이나 더 쉬어야한다고?,clean
ㅋㅋ내란견 부들부들,트럼프랑 전화햇쥬,clean
심심해,네,clean
트럼프 테슬라 판다는데,"구라핑인건가
너무 쪼잔한데",clean
트럼프 일론 싸웟대,삐졋대,clean
놀자이자이자슥아,네,clean
성대 에타에 글 올려주세요,"1
이미지 순서 ON

2



이 글이 신고삭제 당했습니다. 조심하세요",LABEL_1
놀실분,네,clean
럽공식 쇼츠로쌀먹하네,아이스크림쇼츠 오조오억개 도배해서 쌀먹중,clean
이재명 만세,재매이햄덕에 국장 150넘게먹음,clean
성균관 갤러리는 이재명 대통령님을 환영합니다,심기에 거스르지 않겠습니다.,LABEL_1
왤케 표차이적음?,어의없네,clean
여기 고닉들 다 드럼통행이라며,ㄹㅇㅋㅋ,clean
찢황만세,,LABEL_9
저 한 10분,네,clean
어디,네,clean
6시?,네?,clean
2판4판,,clean
오늘 투표하고 고기?,아님말고,clean
잘때듣는노래,https://www.youtube.com/watch?v=Hd-v9Qm2gow,clean
님아 다시,"https://youtu.be/I74xWNxq1HY

104기말고 103기버전으로 들어보세요",clean
코노 인기순위에 루비쨩하잇 잇네,ㅈ같네,clean
열심히 놀아라,"열심히 살았는데도 취업이 쉽지가않다
그니까 걍 놀아라",clean
아첵스에요첵스,첵스초코에요,clean
재강이형 결혼함?,"취업은 어떻게 했던데
결혼도함?",clean
우울은 맨날 가능하니까,행복할땐 행복만 하자,clean
연기안나는거,윤 연기안,clean
3트,엉생,LABEL_9
맛있는거드실분 2트,네,clean
맛잇는거드실분,네,clean
누구뽑을까,죄수의딜레마급 난제,clean
찌르지 말아주세요 도련님,,clean
한반도의 지배자를 환영합니다,,clean
디도지하로와라,키스 ㄱㅁ,clean
조울증걸림,네,clean
7억잇으면 탕핑가능,7억주삼,clean
우울증 걸림,ㅇㅇ,LABEL_9
미미미미미미미미미치고~싶어~,,clean
코코코코코코콘토-자이,님도중독됫죠,clean
들으세요,"https://www.youtube.com/watch?v=iB-rMOtfwq4
독후감제출",clean
랩스근육만지고싶어라,네,clean
마음이 공허해,"그냥 누가 내 길을 정해주면 수긍하고 살아갈텐데
번뇌하는 길을 정해준거면 너무 고통스럽군",LABEL_1
똥뿌직,네,clean
저기갤 개웃기네 ㅋㅋ,젖탱이 부비적대는걸 꾹꾹이라 부르는구나,LABEL_1
아하,,LABEL_9
님아,10분늦음,clean
왜 내집앞에,역이 없는거임,clean
토론재밋네,네,clean
가솔린앤로지스 여기어때요,츠케멘,clean
근처에서 머먹으면되지,네,clean
몇시,어디,clean
지듣노,https://www.youtube.com/watch?v=uQ-OH9Pek88,clean
놀,고싶어라,clean
방본만,용이살던마을,clean
이거학교맞음?,,clean
짱깨 << 그냥 신임,그냥 천재,clean
가자고말자고,가자지구,clean
님갈거임?,플레이엑스포?,clean
놀자,ㅇㅇ,clean
사람으로살기 1일차,1치취침10시기상,clean
마짱뜨자,ㅇㅇ,clean
우두버 추천좀요,버두버  제외 ㅇㅇ,clean
아배고파,ㅁㅊ,clean
학교에서 단체 메일 받은거 받는사람에,"학교메일이 러브라이브인사람있네

설마",LABEL_1
방명록에 표식생김 ㄷㄷ,무서웡,clean
여우수인학교를 다니고,내 인생이 달라졌다,LABEL_1
대위님,떠러지심,clean
나 < 인생망함,살려줘,clean
죄수전생 << 재미뗘,재미뗘재미뗘,clean
나 여론조사기관 취업할까,"https://m.dcinside.com/board/loan_new1/13193828
 토론회 기념 잘한 사람 한명 뽑는 사람 선착순 세명 1콩씩 - 대출 갤러리
띱
m.dcinside.com


여론조사 이렇게하는거아닌가요",clean
토론보는데,"https://youtu.be/pqxmY3y1dJ8

이거 원툴인 사람이 있는데요
양자택일 극단적이야~",clean
돈카츠먹는겸가요,,clean
검색해서 넘어오네,잘못했어요,clean
라면먹는겸가요,,clean
qwer,가렌콤보,clean
사울구경갈사람,아님말고,clean
어떻게 캐릭터 이름이,귤복복 ㅋㅋㅋ,clean
외팔이햄 나름 열심히 하네,갑자기 호감됨,clean
100만넘는 유튜바도 몸또걸리노 ㅅㅂㅋㅋㅋ,평소에 인터넷도 좀 하고 그래야 몸또같은거 안걸리지 ㅉㅉ,LABEL_1
애플워치 기능이뭐임,왜 차는거임,clean
요즘듣는거,?si=4NLoDaLxcOMBtufZ,clean
요새 스우 << 호감이네,,clean
축제,축제아님,clean
준스기 무슨 부산 유세하면서 야구장 타령이노,똥푸산은 공기업 빼면 취직할 회사가 없다고,clean
"폐토너, 카드 << 이거 실제로 오는거임??",궁금스,clean
어질어질하네,,clean
놀놀,자자,clean
짐승같이 살아야겠다,짐승합격,clean
이제 사람같이 살아야지,인생을 너무 낭비했다,clean
성우도 다 무쌩김,네,clean
놀자이자이자슥아,네,clean
놀장께?,네,clean
새로 올라온 뮤비 보는데,"그림 한장가지고 끝까지 우려먹네
원래그런거임?",clean
아아,심심하도다,LABEL_9
통신학교 아이돌은머야,무리수오지네,clean
닫는노래,https://www.youtube.com/watch?v=PrkZ-FcUW-k,clean
그냥 무난한데,2명이서 100개 질문하는 그사람들맞죠?,clean
근책하실분,네,clean
로스트소드 << 이거 괜찮은거 같은데,방치형인데 가슴이 큼,clean
안씻고 하루종일 게임하는 사람에서,하루종일 게임하다가 씻고 다시 게임하는 사람됨,clean
내일 6세대나옴,네,clean
게이밍 태블릿살건데,모바일 게임을 안함,clean
놀자,제발놀아줘,clean
줘깥네,ㅇㅇ,clean
피프티피프티 << 3명 도망갔는데도 타격 없음 ㅋㅋ,어차피 누가 누군지 모른다는거임,clean
치킨먹을까요,네ㅐ,clean
은근 재밌는 똥만화,시간정지용사,clean
카나데 후지산 富地山라고 썻네,,clean
놀자고?,뭐허고,clean
지듣노,"https://youtube.com/watch?v=IiCKMyNuFYc
 【オリジナル】海底↓トランスミッション【火閻まどか/めがらいと】
声を大にして言いますが、ワニ専用ドライバーになります！！海底↓トランスミッションVocal：火閻まどかMusic：火閻まどかLyric：火閻まどかIllust：めがらいとMovie：めがらいとMix：めがらいとProduce ：めがらいとーーーーーーーーーーーーーー真夜中にぱっと おやすみのぽっぷす海月の傘は 雨...
youtube.com
운듣노",clean
놀자,자놀,clean
학원마스 큰거온다,https://www.youtube.com/watch?v=SPXHpau0jJI,clean
아니,디시광고 애드가드로 안막혀,clean
와츄고나두 << 이거뭐냐,https://www.youtube.com/watch?v=7hxVVU4zGuo,clean
짹쮸,네,LABEL_9
대댓글 ㄴㄴ << 이거 이제 안써도 되네,네,clean
얼리버드기상,같이가,LABEL_8
배고파죽겟,다,clean
가?,나?,LABEL_9
단 오늘은 제외,점심을너무늦게먹음,clean
랩가가,랩스가면간다는뜻,clean
오늘갈까,아님말고,clean
언제가요 그래서,네,clean
하꼬 버튜버를 보고싶다,그런 밤이네요,clean
근데 부숯갈 너무비싸,네,clean
복귀완,한달만 참으면 종강 ㅅㅅ,clean
와 오랜만에 햄부거먹엇는데,패티의 기름진 맛 정신나가겟네,clean
어우졸려,,clean
놀자놀자놀자놀자놀자,놀자놀자놀자놀자,LABEL_1
놀.,자.,clean
Gpt로 프로젝트과제하는데 gpt는 그냥 신이구나,사람은 병신이구나,clean
아 부현숯불갈비 자취방 밑에있는 거기구나,지나가면서봄,clean
컨설턴트 갤러리 신설했습니다,많이 찾아와주세요!,clean
그럼 내일 엉생가요,네,clean
부숯갈 가자고 2번말햇다,ㅇㅇ,clean
아.,,clean
해외주식 250제한 줘깥네,개같네,clean
ㅋㅋㅋㅋㅋ어디잇는학교임,공대 한 >>>>>> 서성,clean
y704,사줘,clean
작혼 << 이거해볼사람,모집,clean
에반데,뭔 라멘집이 부대찌개면을팜?,clean
부현숯불갈비 갈,사람구함,clean
오늘저녁?,닭라멘?,clean
와 진자 어질어질하네,어디 구금되어야하는거아님?,clean
후즈가 갔어..,..,clean
님아 거기 영업하는데이제,갈까?,clean
놀자,go,clean
힘든 인생,끝이 안보이는구만,clean
아오기리 고교 << 이거 약간,틀어놓을만하네,clean
버튜버 졸업?,"기다리면 되잖아
기다리면 다시 오잖아",clean
후즈가간대..,,clean
실종사건!,빨래돌렷는데 양말1짝 사라짐,clean
별의커비 울트라슈퍼디럭스 다시하고싶다,플레이영상보면서 추억덜덜루하는중,clean
오블리비언 << 리마나왔네,쉰내나서 안했는데 존나 깔끔해졌노,clean
놀자요,네,clean
아야어여,우유으이,clean
쯔아아아아아아아아앗!!!!!!!!!,너때문이야!!!!!!!!!!!!!!!!!!!!!!!!!!!,clean
악력으로 똥부수기,콰직스,clean
요번럽라 노래는 좋은거같은데,뮤즈다음급,clean
내일부터진짜공부함,비상계엄을 선포합니다,clean
리제로 최신화 ㄷㄷㄷㄷㄷㄷㄷㄷㄷㄷ,알 vs 에밀리아,clean
민주당경선이 의외로,wwe가 아니더라,clean
외로운 밤이면 밤마다,혼자서 게임하기 싫어,clean
라쿠카라싸 라쿠카라싸,사랑스런그이름,clean
어우 배불러,앙 배불띠,clean
아무것도 이해할 수 없어 << 이거 히트네,이세계가고싶군,clean
와 코토네,카카시급카피능력,clean
와 개구릿대,와우,clean
미코 브알챗하네,요,clean
인생의 이해자를 만나는건 축복이다,나는 영원히 못만날것,clean
랩스님,문어배게 차이큼?,LABEL_1
닫는노래,https://www.youtube.com/watch?v=SmlD6bmTRqQ,clean
뮤즈 아닌데 좋은노래,https://www.youtube.com/watch?v=IHSUgM4rVQg,clean
아니 오늘 랄투브,애니비아 트페인데요,clean
번아웃이 온건가,"그냥 환경도 힘들고
사람도 힘들고
다 귀찮고
휴식처가 없네",LABEL_1
독후감 제출하세요,원칩챌린지 독후감 내세요,clean
이거네,"https://youtu.be/Tu4CMq4uhWM?si=v8E-cIo7BY6CTIKP
 ONLY UP! 하다가 떨어지면 건강해지는 방송【라이스 우메루 /頼州うめる】
#vtuber #onlyup #頼州うめる #ppp https://www.youtube.com/watch?v=qnDJ_YzfX-g&t=3185s【実写ワイプあり】落下で健康器具！『ONLY UP！』に挑戦！【頼州うめる / PinkPunkPro】頼州うめる https://www.youtube...
youtu.be
https://youtu.be/z0W3NwgiiqY?si=OPp_NSkcjs6vJ9vn
 잘 보면 보입니다(2)【라이스 우메루 /頼州うめる】
#vtuber #頼州うめる #ppp https://www.youtube.com/watch?v=FnyGlN46vpA&t=2859s【実写】不正解で上昇っ⤴『股縄クイズ』にいどめ！【頼州うめる / PinkPunkPro】頼州うめる https://www.youtube.com/@UC61AvqhGo...
youtu.be
이런거",clean
다먹고나옴,배부르다,clean
나간다?,ㅇㅇ,LABEL_9
가자,https://www.youtube.com/watch?v=gz9BRl7DVSM,clean
감맘,빨리결정해줘,clean
7가가,"7시에가면감

이라는뜻",clean
그래서오늘감?,오늘루틴정해야함,clean
내가 아는 아이스크림은 이건데,https://www.youtube.com/watch?v=qwyPaQ2-aMM,clean
아이스크림 선거송되면 웃기겟노,상상만해도 빡친다,clean
그럼내일가나요?,단식1일차,clean
구라졸업한대요,버튜버는끝,clean
안가면안감,네,clean
주식 배당금들어왓다고,네,clean
명진갈 먹고시푼사람,쏴리질럿,clean
랩스말이맞았네,제국편줘깥네,clean
부정합격자는 초고속 승진한다.,"(1부) 박완수 경남도지사님께 공개질문 
게시자: 권혁철 
연락처: 010-****-7368


※당부말씀: 채용비리 관련자는 대통령부터 쫄따구까지 모조리 실명깠다. 게시판 관리자님은 '나는 국민에게 충성하는 공무원이다'는 자부심과 긍지를 가지고 그 누가  협박이나 회유를 하더라도 절대로 삭제하지 마세요! 이 글을 보시는 공무원은 자신이 알고 있는 언론사 기자나 더불어민주당 등에 제보해 주세요.


※2025.3.27. 15:58경 '경남도청 열린도지사실' 직원과 통화내용: 


질문1) 권혁철; 도지사에게 바란다 게시판에 하루에도 몇번이나 '성적조작 폭로 글'을 올리는데 담당자가 계속 삭제하고 있으니 이 사실을 박완수 경남도지사님께 보고하세요.


답변1) 열린도지사실 직원; 박완수 경남도지사님은 도지사에게 바란다 게시판에 성적조작 폭로 글을 올리고 담당직원이 계속 삭제한다는 사실을 이미 알고있습니다.


□ 게시글이 허위사실이면 ‘형사처벌’을 달게 받을 예정이오니 ‘대한민국에 정의를 세운다’는 차원에서 절대로 삭제하지 마세요.


□검찰의 사건은폐 수법: 대검찰청 문서감정실 윤기형, 류경숙의 허위감정서 및 창녕군청 시험관리관 박홍곤, 이정희, 서경도의 위증으로 1심, 2심 재판부를 기망하고 대법원 판사님들까지 속이고 사건을 은폐하는데 성공함.


현재, 경남도청은 대법원 판결문을 제시하면서 권혁철은 거짓말을 하고 있다고 우기면서 부정합격자 5명이 고급공무원으로 부귀영화를 누리도록 방치하고 있음.


□박완수 경남도지사님께 공개질문


질문1) 박완수 경남도지사님께서 '도지사에게 바란다' 게시판에 성적조작 폭로 글이 올라오면 즉각 삭제하여 경남도청 공무원 및 경남도민에게 전파되지 않도록 하라고 지시하지는 않으셨지요?


질문2) 지방자치단체장의 고유권한인 ‘합격취소처분’은 ‘공소시효’가 없습니다. 부정합격자 색출하여 ‘합격취소처분’할 용의가 있습니까?


질문3) 부정합격자가 3급, 4급 고위직으로 승진하여 부귀영화를 누린다면 ‘합격취소처분’ 해야 합니까 우리가 남이가를 외치며 모르는척 은폐해야 합니까?


질문4) 97경남 7급 공채 합격자명단과 발령부서 공개하라는 정보공개청구(접수번호:10780318,접수일자:2023.5.22)에서 ‘최종합격자명단의 원본’을 공개하지 않고 ‘새로운 양식의 합격자명단’을 만들어 공개한 이유가 무엇인가요? 세무직 박철희 대신 추가 합격한 수험생을 숨기기 위한 꼼수인가요? (97년 당시 ‘합격자명단’은 경남도청, 시청, 군청, 읍사무소 옥외 게시판에 부착하여 대외적으로 공개했음)


질문5) 97경남 7급 공채 2차 면접시험에 불합격하여 행정소송을 청구한 세무직 박철희 대신 추가 합격한 수험생은 누구이며, 그 추가 합격한 수험생은 성적순으로 11등 한 수험생인가요?


질문6) 합격자 10명 중에서 1등 이정희와 2등 남경수는 4~5년 동안 8급, 9급 공무원 근무 -> 퇴직 -> 7급 공채 합격으로 두 사람의 7급 공채 합격 패턴이 동일합니다. 2명이 근무한 행정기관을 공개하지 못 하고 숨기는 진짜 이유는 혹시 성적조작과 관련이 있기 때문입니까?


질문7) 99년부터 수십 년간 97경남 7급 공채 합격자 10명의 이름은 경남도청, 시청, 군청 등 홈페이지 직원 검색란에서 검색을 하면 존재하지 않았습니다. 부정합격자를 숨기기 위해서 직원 검색에서 차단한 것입니까?


질문8) 합격자 김영곤이 김인수로 개명한 이유는 무엇인가요? 혹시, ‘부정합격자 추적을 피하기 위해서 개명한 것은 아닐까’라는 합리적 의심에 대해 어떻게 생각합니까?


질문9) 합격자 고경우는 1998.1.1.~1999.6.7. 근무하고 퇴직한 것이 사실인가요? 퇴직사유가 성적조작과 관련이 있는 것은 아닌가 조사할 용의가 있습니까?


질문10) 합격자 이주영은 경남도청, 시청, 군청 등 홈페이지 직원검색란에서 존재하지 않습니다. 성적조작과 관련하여 추적을 피하기 위해서 검색을 차단한 것은 아닌가요?


경남도청 도지사에게 바란다 게시판 관리자님!


박완수 경남도지사님께 ‘권혁철이 성적조작 폭로 글을 삭제해도 계속 올려서 곤혹스럽다’고 문서를 작성해서 공식적으로 보고하세요.


그리고 삭제하기 전에 이 글을 반드시 부정합격자로 특정한 3명에게 전달하세요.


ㄱ) 1등 이정희, 2등 남경수; 9급 또는 기능직, 임시직 등으로 4~5년 공직생활하며 경남도청 인사과 배종대 등 고위직과 인맥을 맺었거나 친인척의 권력이나 재산을 이용하여 부정으로 합격했지요?


남경수님 머리가 얼마나 뛰어난지 모르겠지만 제천고 고졸로서 7급 공채시험 합격할려면 뼈를 깍는 노력을 해야 합니다. 당신은 뼈를 깍는 노력을 했습니까 친인척의 권력과 재력으로 부정합격했습니까?


강동원 검사(현변호사.02-533-9600), 정병하 검사(현변호사.02-6326-0097)는 당신이 부정합격자인지 진짜 합격자인지 잘 알고있습니다.


ㄴ) 5등 김영곤; 경상대 농학과 졸업했지요. 농학과면 영어, 수학, 국어 포기하고 합격할 수 있지요?


김영곤님은 학력고사 몇 점이나 받았나요?
서울대, 연대, 고대 합격할 점수인데 특별히 농학에 뜻이 있고 서울에서 대학 다닐 돈이 없어 부득이 집에서 가까운 경상대 농학과를 갔나요?


고노무현님이 부산상고 졸업하고 진영 산속 토굴에서 뼈를 깍는 노력을 해서 사법고시 합격한 것은 모든 국민들이 알고있습니다.


김인수님이 경상대 농학과 입학할 실력으로 7급 공채 합격할려면 정말 피눈물나게 공부했어야 할 것 같은데 그렇게 노력하셨나요?


71년생이 3급 부이사관이면 초고속 승진아닌가요?
71년생이 3급이면 거의 행정고시 출신이나 다름없지요?


김영곤에서 김인수로 개명한 것과 고속승진한 것으로 미루어 판단컨데, 당신이 부정합격자일 가능성이 매우 매우 높아 보입니다.


기분 나쁘면 허위사실유포에 의한 명예훼손죄로 고소하세요.


법원에서 재판하면 또 전부 위증할테고 증거부족으로 실형 징역살이 1년 6월 정도 받겠지요.


부산에서 LH 아파트 경비원으로 일하며 변호사 선임료 550만원은 모았습니다.


만약 고소하면 법정에서 이정희, 남경수, 김인수 3명을 증인으로 신청하겠습니다.


그리고 당신들이 명심해야 할 것이 있습니다.
내가 지옥가서 천벌을 받을 각오만 하면 강동원 검사(강동원법률사무소.02-533-9600), 정병하 검사(한국특수판매공제조합 이사장.02-6326-0097) 찾아가서 얼마든지 부정합격자가 누구다는 자백을 받을 수 있다고 확신합니다.


이제, 내가 감옥소 가거나 지옥에 가더라도 슬퍼해줄 사람이 없다는 점이 나의 유일한 강점입니다.

ㅡ 1부 끝 ㅡ


1부: 박완수 경남도지사님께 공개질문
2부: 97경남 7급 공채 합격자명단 및 근무처, 출신학교 공개
3부: 성적조작 사전모의 정황증거-> 창녕군청 시험관리관 서경도, 이진규의 육성녹음파일 및 성적조작 심층취재 경기신문, 열린공감TV 방송
4부: 윤석열 대통령의 사건은폐 경위 및 대검찰청 문서감정실 윤기형, 류경숙 허위감정서 작성방법
5부: 양심선언 대상자 및 내용 
6부: 경남도청 공무원시험 조작사건 최종보고서",clean
주갤 진짜궁금한점,여자가 그렇게 싫으면 왜 남자끼리안사귐,clean
명진갈먹고싶군,네,clean
오나x을 떠나보내며...,,clean
엉엉,울기,clean
고기먹고싶군,흠,clean
운지,,clean
저녁뭐먹지,,clean
점심뭐먹지,,clean
흐엉,달링달링 워헝,clean
코노,코노야로 아니고 코인노래방,clean
맛잇는거드실분,네,clean
속이뻥,네,clean
놀자고 소리쳐,아아아아아아악!,clean
카나데 재밋네,빨간약은 중요치안아,clean
오늘 이커햄,스킬샷이 이상해요,clean
헬스 같이하자는사람 특,게이임,clean
헬스하는법,헬스장에간다,clean
윤재출마는머여,뇌녹앗나진자,clean
매일 저수지돌사람,어때,clean
용팔이 십새기진짜,쿠팡십새기,clean
랩스한테 운동배우는법,1. 단 샤워실에 들어가,clean
랩스님진지하게 운동좀갈쳐주셈,전 일퀘가 있어야 운동하는타입이에요,clean
아니 근데,진짜 너무 할게없는데 이래돋 되는거임?,clean
머가웃기냐고,네,clean
이건또뮤ㅓ임,"https://youtube.com/shorts/h5sCCY49pW8?si=j3hk2y17er1yOhqL





개쳐웃기노 ㅋㅋㅋ",clean
아아,심심,LABEL_9
속보 렘깨어남,ㄷㄷ,clean
10시부터 그림?,ㄱㄱ?,clean
놀까,오,clean
ㅋㅋ 으악이랑 외팔이 말다툼 개웃기네,ㅋㅋㅋㅋ,clean
님아 ㅈ됨,ㅂㅊ카페 폴라로이드 부모님이봄,clean
탄핵 생각보다 노잼이네,반응이 심심하구만,clean
여름은 어렵다네요,,LABEL_9
랩쮸야,쥬쥬야,clean
오늘윤석열탄핵기념,짜장면이나먹을까,clean
눈물이 앞을 가리긔,ㅠㅠ,clean
윤석열 따운!!!!!!!!!!,초~비~상~,clean
이짤머야,봇치2찍이엇구나,clean
2시간뒤에,랩스와서 궁시렁댈예정,clean
윤카 복귀기원 1일차,대 석 열 사 랑 해,clean
그분 혜안이 맞았네,워홀이든 뭐든 나가야 정답,clean
집애가려했는데,네,clean
언제어디,네,clean
여자되는약 생동성없나,흠,clean
감맘,네,clean
불면증,물면증,clean
응우엔들은 한국워홀안하나,환상품으면 ㅈㄴ웃길거같은데,clean
인생은 고문이다,끝없는 고문,clean
플레이엑스포갈사람,여기붙어라띠리리라라라,clean
고등학교나온고등어,먹어야지,clean
크로니 원칩챌린지,보세요,clean
뭔 버튜버하면서 우을증,걸렷다고 휴식기갖는년은 처맞고싶나,clean
명진갈,먹고싶으신분,clean
최저가믿지마세요,품절이라고 취소됨,clean
만화 명대사,네,clean
안놀아주면 똥싼다,ㅇㅇ,clean
치돈쫄,허버허버드릉드릉,clean
과제한다고 GPT결제 처음했는데 풀발기사정중,인생 손해봤다,clean
저녁뭐먹지,흠,clean
치매인가,방금 비타민 먹엇는지가 기억이 안나,clean
놀자고,네,clean
아 시 발,"부활 물어봣는데 회복인줄 알고 답함
부끄러워졋다",clean
놀자고,오조오억번외침,clean
아니 이 qna 머냐,"락스는 유한락스입니다. - 묻고 답하기 - 락스 사용 후에 세탁해도 되나요?

ㅋㅋㅋㅋㅋㅋㅋㅋㅋ",clean
헬스장갑시다,네,clean
할거찾음,할거찾기,clean
배빵빵,브베배빵빵,clean
언제요,네,clean
카레먹을거면 스타필드가야죠,님한입먹으면기절함,clean
한남성욕은진짜레전드다,ㅉㅉ,clean
코코이찌방야왜주변에없어,가보고싶은데,clean
질병갤 < 개씨발 버러지 영포티들 다모아놨노,퐁퐁이들 마누라한테 못하는 질싸 업소녀한테 대신하고 헤르페스 집단감염 ㅋㅋㅋㅋ,clean
와 알파메일의 삶은 ㄹㅇ 레벨이다르노,첩을 두명이나 들여도 열살 넘게 차이나는 연하녀가 좋다고 매달리네,LABEL_1
놀자,요,clean
유니 고름단에 찍혓네,큰일낫네,clean
마비노기모바일,하셧나요,clean
쪽문공사뭔데,길막오지네,clean
한녀 표독함은 세계제일,남바완다,clean
똥뿌직,네,clean
단지증 < 존나웃기네,ㅅㅂㅋㅋ,LABEL_1
이래도 한국에서 살거야?,대학원 잘 선택햇구만,clean
잡시다,https://youtu.be/wP-kAKqZKSM,clean
저,녁추천,clean
운지마렵노,앰,clean
이게 그 치어리딩 노래,https://www.youtube.com/watch?v=g4wL8XL5uaw,clean
닫는노래,https://www.youtube.com/watch?v=NeaeJ0u3kR0,clean
1가지를 쭉가야되요,네,clean
하꼬방 좀 이리암느낌이네,이리암스럽네,clean
만호야,왜불러,clean
오늘 신규금제,또너프됨ㅅㅂ,clean
사회적문제,"https://youtu.be/nRrvcOVir1Q?si=xmqd8Klj97owPjEB
 일본 이타다키 여자가 사회문제가 된 이유
협소주택 짓는 영상으로 시작했다가..현재는 건축물 한스푼 넣은 이야기 삼매경안협소채널에 가입하여 영상 제작에 힘을 보태주세요 https://www.youtube.com/channel/UCYYqb06Ym3aeubtHFwA4ECg/join구독과 좋아요는 컨텐츠제작에 큰힘이 됩니다. 감...
youtu.be
네",clean
내가임베디드를왜,실험좆같노그냥,clean
어디,네,clean
그래서 감?,언제,clean
와우,,clean
랩스는천재,네,clean
심심하신분,네,clean
세계심심월드컵,우승했습니다.,clean
그래서 감?,아님말고,clean
와 수소폭탄 떨어뜨리는 소리,,clean
오늘인가요,굶어말어,clean
아 몽딩이,믕밍시티의대믕밍이야,clean
바밤바밤밤바,바밤바밤밤바,clean
놀,놀놀놀,clean
아~,이스크림,clean
치매걸리면 벽에똥바르는이유,재밌어서,clean
이세상에 술담배커피가있는이유,그런거였나,clean
놀자,고,clean
백종원 << 요식업의 신인듯,숭배합니다,LABEL_1
와우,와우~,clean
;;,,clean
내 어린시절 우연히,들었던 믿지못할 한마디,clean
이틀만에가고싶어진,이유가멀까요,clean
진짜졸업시키네,실베보고알앗어요,clean
랩쮸야,6장재밋니,clean
님아 애슐리 ㄱ?,,clean
닫는노래,https://www.youtube.com/watch?v=y80KcI36w1M,clean
방본만) 누더기 어쩌고 1-1화,하차했습니다,clean
아니 이게 뭔,줫같은소리야,clean
누더기 투성이 용사 이거 맛있네,"별미네 별미
함무봐라",clean
이거 그거잖아,물수건이랑 물이 나온 그거,clean
シムシム,ね,clean
아 응애에요,응애,clean
심심~~~허다,ㅇㅇ,clean
문득 느낀건데,"뭐든지 일장일단이 있는듯
우린 그래도 대학원 선택의 폭이 우리학교 연고대 설포카까지 있는데
설대나 카이스트 애들이라고 해서 다 자대 원하는랩실 갈수있는거도 아니란걸 생각하면
우린 오히려 선택의 폭이 넓은듯
물론 학부 성대는 운신의 폭이 설카보다 좁긴하지만말야
설카가서 원하는랩실 못가면 자괴감 상당했을듯",clean
ㅋㅋㅋㅋㅋ,의문의 유럽팀 팬,LABEL_5
문명,6하자,clean
심심~~~~허다,ㅇㅇ,clean
여기어때,스이센 광교,clean
혼슐리,네,clean
놀자고,고자놀,clean
아니 율전 피자헛은 1+1 제외네,배짱장사 ㅅㅂ;,clean
아 돈을 벌고싶구나,,clean
주말에 진짜 뭐하냐,할게너무없는데요,clean
2기내용노잼이네,왜하차햇는지기억남,clean
리제로 메이플표절임?,메르스토리뺏겻농?,LABEL_0
놀자잉,잉자놀,LABEL_1
지코바먹고싶네,ㅇㅇ;,clean
롯데리아 프루지오점 < Goat임,절대 성대점을 가지마,clean
랩스,야,LABEL_9
어우 심심해결,"https://m.dcinside.com/board/loan_new1/12309211
 화이트데이 기념 사탕 2행시 선착순 3명 띱. - 대출 갤러리
띱.
m.dcinside.com

만갤 어그로보다 더 재밋어",clean
lp사러같이가줄,그런여자없으려나,clean
너무보고싶어,견디기힘들어,clean
다행이다~,,clean
왜,뭐,clean
일본특),sign을 싱그로 읽음,clean
놀실분,네,clean
아씨~발,이어폰 블투연결 왤케끊김 갑자기,clean
키사키 한섭 이제 실장이네,이미 다 즐겼는데 뒷북오지노,clean
치킨먹어야겟다,애슐리그게뭔데,clean
왜 커피마셧는데,잠이오지,LABEL_1
랩스야,스스야,clean
엥 진짜되네,머지,clean
충격속보,"친구가 히마챗일본 vpn쓰니까된대요

시발",clean
쓰리투원,고~슛,clean
이번학기도 무사히 완주 가능할것같다,근들갑이었구나,clean
재밋다,https://youtu.be/G_XV8x4FFeY?si=a6q8oRGr5JdAWN2u,clean
뭐,왜,clean
이제 창문열고자도되나,되나요,clean
랩쮸쮸야,랩거스야,clean
일본도 페미가 좀 그렇나보네,페미한테 혼나니까 << 이런말을하네요,clean
유튜브로 애슐리봣는데,왤케 싼마이느낌나지,clean
피규어옴,코팅,clean
애슐리가고싶다,갑자기그런생각이드네,clean
아 수업듣기싫어,힝힝,clean
ㅈ같다,랩스같다,clean
방본만)죽지않는스텔라공주,스댕라,clean
"놀,",지못해,clean
랩쮸야,쥬쥬야,clean
랩쮸야,쮸쮸야,clean
에밀리아 저탱이 너무커..,상했노,clean
마히로 피규어 플렉스,3개주문,clean
이직원 위험하다,보추와 퍼리라니,clean
똥,똥,LABEL_9
아 유튜브4배속 끝낫네,세상이 느려지기 시작했다,clean
하고싶은것,휴학,LABEL_8
아니 닛큐나나 게임라이브도하네,그렇내요,clean
발로란트 재도전?,할까생각중,clean
이래서 방화하는구나,불지르는게 재밋구나,clean
내가심심해야할,이유가뭔데,LABEL_0
삶에의욕이없다,"세
상
이
치
가
그
래",clean
졸부가 더 극성이듯이,트젠정병이 더 악랄함,clean
몽딩이,아몽딩이,clean
슬픈소식,푸바오 5성 뽑는데 2천만원 썼는데 1개도 안떳다는 소식,clean
놀자,고,clean
레전드사건발생,,clean
시온도 졸업하네,망햇구나,clean
하아,어제설거지핧걸,clean
잠보~잠보 브와나~,하바리가니~ 은주리싸나~,clean
아아,이스크림,clean
참고로전,"피자먹음

네",clean
랩스근육보고 개기는사람이있을까,네,clean
지금 2025년 최대의 고민중임,"피자시켜먹을지
아니면 설거지하고 라면끓여먹을지

고민이야고민",clean
이거진짜임?,,clean
아 드랍하고싶다,책임없는 쾌락 누리고싶네,clean
모든준비다함,목요일 데뷔합니다,clean
3000원,살까,LABEL_9
아 시 발,자는시간어케고치냐,clean
진짜 쯔꾸르 방송해볼까,너무심심한걸,clean
신입생입니다,네,clean
기숙사 벌점,"주류 들고오다 걸려서 8점이거든 ㅋㅋ;
씨발 첫 개강이고 다음학기 기숙사 안들어가면 안되는데
이거 어케 못하냐
아 2점 더 받을까봐 개무섭네",clean
배고프군,네,clean
말없는거보니,꿀잼맞네,clean
방본만)오르크센 왕국기,개재밋어,clean
새고닉 닉추천좀요,네,clean
리제로 슬슬,작가가 기복이좀있네,clean
님이간게 이런거임?,,clean
만갤이 뭔가,내가원하던분위기,clean
닫는노래,https://www.youtube.com/watch?v=s1myYuQ4-Gw,clean
에혀,슬프군요,clean
너무보고싶다,견디기힘들다,clean
갑장,갑자기 장염,LABEL_9
닫는노래,https://www.youtube.com/watch?v=LYFDYZQCQUY,clean
내일 8시,신청안되면살자함,LABEL_8
치킨마렵네,네,clean
놀자,그거하자그거,clean
삼겹살데이기념,삼겹살먹방,clean
마인크래프트 엔더드래곤잡기,,clean
마크나해볼까,네,clean
백경잡는부분 노잼이노,뭔 1권동안 쳐잡음,clean
25만원배급언제해줌,,clean
온 세상이 억까다,니미,clean
아에이오우 이외에는 안돼,"으랑 어 << 멍청해짐

말그대로 으어",clean
삼겹살데이엔 삼겹살을 먹어야됨,안먹으면 불법임,clean
너무보고싶어 견디기힘들어,런닝맨 보고싶다,clean
트럼프 부정선거임?,"""


어케 존 스미스 이기고 당선됐지",clean
서버망한이유,몬헌하러가버림,clean
쓰봉어디서삼,여긴뭐 슈퍼같은데도 없네,clean
어때,짱재밌어요,clean
이 게임 어떄요,데스크톱에서 동물 키우기,clean
알이 렘보고 람이라한거머임,개소름,clean
택티컬 여초딩 << 이거,이게 그 리코리스 같은거,clean
자전거 하나 사야겟음,더멀어졌어,clean
어디,,clean
멀다,머네,clean
6시,,clean
언제어디,무엇을,clean
오늘한일,태권더박,clean
랩스야,"크루쉬한테 스바루치료맞길때 계약내용 머엿는지 언제나옴

ㅈㄴ궁금스",clean
놉시다,9시다,clean
명진갈가실분,네,clean
님아 매운맛매운맛하더니,진짜매운맛이나와버렸는데요,clean
내일,,clean
머지,학교에서 용돈들어옴,clean
언제,,LABEL_9
언제,,LABEL_9
제발부탁할게,명진갈먹자,clean
님아 코스프레하는사람평균,"'

무서워요",clean
언제,,LABEL_9
랩스쿤,명진갈먹자.,clean
저는 심심할때,대출갤에 선착순 글을 써요,clean
근데 고기얘기해서,너무너무너무먹고싶은데,clean
성소수자동아리도 모집하네,,clean
못참겠다,극대노,clean
명진갈먹자고,네,clean
4권스바루개패고싶노,왜이래얘,clean
한달에 한번 요리의날을 만들어야겟어,폼나는그런,clean
랩스 리제로나온거다봄?,ㅇㅇ,clean
뭔 근터여,오늘은 밖에 안나가는날임,clean
명륜진사갈비 무려 19900이네,아쉬워~라~,clean
18975,,clean
무한으로즐겨요,율전진사갈비,LABEL_8
설마 새터갔나,그건아니겟지?,clean
툴파갤도잇어,ㅈㄴ웃기네,clean
이거어때,"https://m.dcinside.com/board/singlebungle1472/1681387
 싱글벙글 싱붕이 상상친구로 모쏠아다탈출했다..jpg - 싱글벙글 지구촌 마이너 갤러리
https://m.dcinside.com/board/singlebungle1472/904250 신기신기 상상친구를 만드는 수련법.araboja - 싱글벙글 지구촌 마이너 갤러리https://gall.dcinside.
m.dcinside.com",clean
그래서 감맘,네,clean
네?,네,LABEL_9
사람이개많음,겁나많아,clean
오늘은어때요,셋이서,clean
언제,,LABEL_9
랩스쿤,고기먹자,clean
존나귀엽구만,,clean
치킨어디꺼먹지,고민,clean
아어카지,오카네가나인다,clean
아니 무슨 순애만화에서,개끼리 야스하는걸 볼줄은 몰랏네;,clean
천황생일 << 이거 공휴일이구나,윤석열생일은 공휴일 안하나,LABEL_1
이거진짜임?,ㄷㄷ,clean
서버부활,이거거든~~~~~~~~~,clean
돌돌롤?,롤?,clean
아할게없다할게없어,"재밋는게임은다옛날거라
망햇거나 질렷거나",clean
도파썰 레전드네,님이말한게 창고썰임?,clean
심심하면 연애를하세요,님선,clean
진짜 하나도 뭔지 모르겟네,https://youtu.be/AtOEKUroRVE?si=yn9kz_pfT7NDT9k0,clean
1권드디어다봣네,번역욕이많네요,clean
악마 여신 << 2025년은 이 만화가 히트하겟군,,clean
ㅅㅂ,ㅅㅂ,clean
심심,하다,LABEL_9
심심,하다,LABEL_9
뭐지,"왜 계속 서버 안파져잇는거임

망햇나진짜",clean
치킨,먹,clean
영등포,네,LABEL_9
님아 근데 헬스장감?,"화학관밑이면 어디로감
다멀잖아",clean
님아3시간짜리방잇는데,궁금하죠,clean
유동분신술 뭐임,실명제실시하라,clean
와 진짜네,3번째,clean
甘い物が食べたいんだよ,모몽가명대사,clean
현재 시각 4시 54분,그곳에 두명이 서있다..,clean
일본에서도,チルい라는말이잇네,clean
슬슬,슬슬?,clean
1인분이 1키로였어?,200g 가스라이팅이엇음?,clean
오나홀 << 이거 어떡하지,"버리긴 아쉽고 안버리자니 걸리적거리고
자기 역할에는 충실한 친구인데",LABEL_1
심심한데,요,clean
이게 그거구나,,clean
마크 시시티비 방송은 머지,그걸 9.6천명이나,clean
놀,장게,clean
이거 이러면 게임을 어케함?,https://youtu.be/PG0tuHd98VY,clean
만보걷기 원래 ㅈ밥인가,먼 밥처먹을때만걷는데 8천걸음이래,clean
배고파죽겠다,1초라도 빨리 먹고싶어,clean
살짝이느낌,네,clean
오예오예,,clean
버의길을 걸어야하나,랩스럽네,LABEL_1
디시도 슬슬,네,clean
아무무,,clean
어과초 4기 행복하네,,clean
오늘 올라온 가라오케 방송,모브캐들임?,clean
싱글벙글 VR.gif,,clean
아.,서버가안열렸어,clean
놀.,이공원,clean
크아아아악,,clean
쿠키 충전해 말어,고민 500배,LABEL_8
일본인도 어려워서 공략보는데,저런거까지 따라해야하나,clean
실베에 이런글이잇네요,https://m.dcinside.com/board/dcbest/305812,clean
리제로 정주행해볼까,예전에 하다가 문장너무유치해서 포기한거같은데,clean
어우배고파사발,예상답변) 사발면,clean
이왜진,,LABEL_9
어우배불러,,clean
어우배고파,네,clean
근데어디로가야함,어디로가야하오,clean
11시반?,,clean
야.,호,clean
소워일섭은,vpn필요없나봐요,clean
랩스님아,방구드셈 뿡,clean
랩스님아,젠존제일섭어케함,clean
놀실분,,clean
놀자고이년아,네,clean
근데님 일본노래부르러감?,난부끄러워서못가겟던데,clean
tj 만찬가뜸,쨔스!!!!!!!!!!!!!!!!!!!!!!!!!!!!!!!!!!!!!,clean
지듣노,https://www.youtube.com/watch?v=7jBoRRAk6EQ,clean
야.,놀자초특급야놀자,clean
아 플러리 실망이네,독거노총각인줄 알았는데 장난하냐고 ㅇㅇ;,clean
아오,심심해라,clean
무려 리글로스도 카드가 나왓다네요,네,clean
럽라레전드사건발생,ㅋㅋ,clean
사전수강 << 있는이유가머지,도대체몰라,clean
일하면 일본,이하면 이란,clean
놀,자,clean
심심스,네,clean
여기뭐하는갤임,다,clean
진세이와 이치도키리난다,https://www.youtube.com/watch?v=lT_RqV4oUr0,clean
문7 문재인급이라네요,문겜,clean
치이카와보셈,꿀좸스,clean
질문에 넣고싶네,구경이라도 좀 해보자,clean
질문 급함,공학계열 과외하면 시급 얼마정도 받음?,clean
질문 있음,여자랑 스몰토크 어케함,clean
하,배불러터지겟다,clean
미야우미어,https://www.youtube.com/watch?v=BaqKgdtJi0U,clean
님아,이쁘죠,clean
놀자며,,clean
님아,,LABEL_9
님아,아이폰임?,clean
뿌직,,clean
와 스매쉬 개잘하네,이유가 있어 이유가,clean
음 그래그래,1팩에 전부 레어카드야,clean
젠존제,코스프레한 리유,clean
근데 뭔가,꼴리는 캐릭이 없어,clean
젠존제 젖보똥 좆되네,원신같은 유아게임 바로지움 ㅇㅇ,clean
감자깎다가,손가락도 깎앗어 아파,clean
이게 논란이라는데,그정도로 안씻나,clean
명절시발,제발그만,clean
젠존제 시작함,"https://youtu.be/8JocmAlZ3nY?si=
-Ifnk62Jtit9S5A7




이 짱깨년 바이럴땜에 안되겠음",clean
밴인듯,"일본계정으로 리뷰보면 새로운리뷰계속달림

광고많다이런거",LABEL_1
이쁘네요,한ㄴ보다이쁘네,clean
맥북에어 팔아야겠다,사요나라,clean
벽느낌,하나도못알아드릉,LABEL_1
아 요즘 씹덕겜 여캐들 존나꼴리네,겜하긴싫은데 ㅇㅇ;,clean
아 요즘 씹덕겜 여캐들 존나꼴리네,겜하긴싫은데 ㅇㅇ;,clean
님이 말한거 이거임?,"【一気に追いつこう！】104期 活動記録(3Dアニメストーリー) 同時視聴会 第4回（104期 第8〜9話）【2025年も蓮ノ空！】

머 실제 연기한다 그런 얘기 했던거같은데 이거 맞음?",clean
님아 이걸로 한자공부 ㄱㄱ,,clean
카제가후이타노,하게시이카제니사라와레타이,clean
놀사람,선착순 99명,clean
1공 2공사이 구름정원 정상화당했네,ㅋㅋ,clean
율전 존나춥네,아,clean
머라고하셧죠,못봄,clean
놀장께,,clean
존나 오랜만에 왓어용,내가 벌써 졸업반이라니...ㅠ,clean
미국은 ai인프라 깐다고 에너지 발전 저장 다 난리인데,"개조센은 맨날 반도체 메모리 타령만 하고있음 ㅇㅇ;
미개국다운발상임",clean
이리암삭제,딸깍,clean
제1의아해가심심하다고그러오,그러오,clean
걍앱터진듯?,ㅇㅇ,clean
근데 님만 그런게 아닌가봐,그렇다네요,clean
설마 해외막은건가,흠,clean
미츠보시 팟테 하지케테,토비놋테 류세이,clean
히마챗 왜래안돼시발,개새기야,clean
성균관대 건물 수준 ㅋㅋ,이거 판자촌.벽돌공장도 아니고 심하노ㅋㅋ,clean
놀체?,네,clean
히마챗왜안돼,왜,clean
근데사실 리얼월드에서 뭔일이일어나든,내가잇는팰월드랑뭔상관임,clean
집에 액자 준비해둬야겠다,셰셰,clean
히마챗안들어가짐,밴당한걸까시라,clean
페코라가 poe함,약간디아블로같내요,clean
놀장께,,clean
일본인꼬셔서 쓰리썸점,모솔아다초대남대기중,clean
스팀일본친구가 3명이되엇어요,네,LABEL_1
ㄴㄹ자고,놀,clean
님아 마듀함,스바루가,clean
개새기들아,,LABEL_9
아니성대 최초합발표한지 한참지났네,추합뜨기전에 방구하러 가야겠는걸,clean
디시이줫병신련,왜댓글만쓰면렉걸림,clean
뭔가 있어보이는 방법,"시간말할때
한국시간으로 x시라고하면댐",clean
체포하든말든,일본을가,LABEL_9
기어이체포를하는구나,역풍이분다이~,clean
.,,LABEL_9
두비두,아원츄아니쥬,clean
ㅇㅇ,,LABEL_9
테스트,,clean
나 들어오자마자 프로필읽고 럽라노래불름,ㅁㅊ무서워,clean
리얼돌보단 vr에 대형오나홀조합이나을지도,흠..,clean
아 나는 쫄려서 못누르겟다,마음의준비가안도ㅑ,clean
님아 좀 하고,저한테꿀팁좀요,clean
폰으로 몸들썩거리는거 보니까 존나멀미나네,몸에 무슨 설명써놧는데 읽을려하는데 존나 들썩거려서 멀미존나남,LABEL_1
님아 닉 쿠쿠임?,영어로?,clean
롤체 1/8,너만오면고,clean
지듣노,"https://www.youtube.com/watch?v=_XdwYtDT910
어때?",clean
뭔 이란사람이 말거냐,내가말걸엇을때 이런느낌일까,clean
오늘의교훈,중국인은 중국인이다,clean
놀자,ㄴㅎㄹ다,clean
나 피티시켜줘,나좀가르쳐줘,clean
재강님 현성님 수호님 다들 어찌사나요,사회나가서는 정상인 모드로 잘 살고 있는거죠?,clean
심,,LABEL_9
재강이형 민규형 살아있음?,"추억의 성갤 찐 형들인데
다들 어떻게살아?
대학원끝나고 취업까지는 한걸로아는데
둘다 결혼함?",clean
설날에,브이알챗이나할까,clean
tlatlagkekrh,tlatlago,clean
5일만에 말걸엇는데 칼답오네요,얼쑤 지화자좋다,clean
도쿄뭐할지추천좀,,LABEL_1
배,고파,LABEL_9
몇시어디,네,clean
토익 1트 딱코 ㅁㅌㅊ,"공기업도 800~850이 만점이네
그만해도될듯",clean
썰언제품,ㅇ,clean
엄마가 하루종일 유시민 김어준봄,와 진짜 미칠것같은데 뭐라할수도없고 ㅇㅇ,clean
님아놀아요,네,clean
음 한국의 미세먼지냅새,이냄새지,clean
착하시잖아,,LABEL_9
나는 띵콩땅콩,예,clean
원신 픽업두개 비틱쳐서 다뽑았다,70뽑컷,clean
새해복많이,받으세요,clean
우리할머니이쁘죠,"https://youtu.be/9qnm_stDkrk?si=xYFJT7ZeKKRPL36c
 원신 | 캐릭터 트레일러 - 「시틀라리: 별 헤는 자의 응시」
「절대 흑요석 할머니를 건드리지 마라」시틀라리와 관련된 이 격언(?)은 사실 꽤나 편파적이다. 엄밀히 말하자면 그녀는 연장자로서 상당히 모범적인 인물이다.하지만 밤하늘이 아무리 맑더라도 흉조는 나타날 수 있다. 본인의 운명을 위해서도 별빛을 속이지 않는 편이 좋을 것이다.무료 다운...
youtu.be
- dc official App",clean
님아,전 소프트론 안된대요,clean
무서워,비행기무서워,clean
토익아다떼고왔다,900점 그냥 강간완료,clean
2024년 연말 만화대상 대상은,춤추는 리스폰,clean
학점어케올리는데,"멍청해서수업못따라가는데 ㅇㅇ;
예제봐도 못푸는데 ㅇㅇ;",clean
드럼배우고싶다,네,clean
아 토할거같애,멀미시발,clean
기기뭐가좋나요,네,clean
vr하면 스카이림,젖탱이만지기 들박하기 가능,clean
vr 기기 근데 사긴할거임,"밸브 인덱스로 살거에요
언젠가 << 이게 문제긴함",clean
VR챗하실분 급구,예상답변 )돈받으면어쩌고저쩌고 웅앵거리다 절대안사기,clean
성균관대는 일반 사립과 다름,"잠시 삼성에 위탁한 국립이라고 보면 됨 ㅇㅇ

망할 거 같으면 국가를 상대로 네고할 수 있는 사립대학이 여기 말고 어딨음?",LABEL_1
아오 성적 씨발,,clean
오늘한일,"아이폰에 밴스드깔기
이제 나는 무적이다",clean
심심,2024년을 알차게 보냈읍니까?,clean
근리스마스 에혀,버튜버나봐야겟어,clean
얼른가고싶구나,,LABEL_9
크리스마스에할거,"https://youtube.com/v/iVHZ1QCB0K4?si=lLFcPzYLII3G0xKz
 크리스마스 이브 데이트 모음집
0:00 니지마 마코토5:00 토고 히후미11:00 사쿠라 후타바16:05 오쿠무라 하루20:26 타케미 타에25:30 카와카미 사다요31:55 미후네 치하야38:24 오야 이치코43:45 타카마키 안재생목록 : https://www.youtube.com/playlist?list=...
youtu.be



이거보기",clean
롤체,하자,LABEL_8
보일러 22도해놧는데,"22도로 올라가질않음
머냐",clean
이 갤은 뭐고 성균관대 갤은 뭐죠,성균관대 갤은 뭐 ㅈㄴ 이상한냄새 나던데,clean
센세님,삐진거임 바쁜거임 둘다임,clean
혼자요,,clean
놀자놀자놀자놀자놀자놀자,놀자놀자놀자놀자놀자,clean
하 어떡하냐,며칠내로 전화하자는데,clean
쿠쿠 랩스 << 아직 졸업 못한거임?,2년전에 봤는데 아직도있네,clean
키키라라 << 이사람 아이돌이엇네,ㄷㄷ,clean
E학점 < 왜없음,이상하다그죠,clean
스포티파이 ai 왤케 똑똑함,스포티파이에선 들은적 없는거같은데 어케알고,clean
하씨발 자취방 또구해야하네,"학점컷보니 3.8 4.0 개지랄이네
정시 스나 뽀록으로 하나 안되나",clean
개같네 시발,미친 쪽바리새기들,clean
씨발,개새끼,clean
고귀한 하루 되세요 < 개쳐웃기네,무한도전 느낌 ㅇㅇ,clean
하이퍼버닝 1+4 하고싶네,도파민스토리,clean
지켜보고있다,끼아아아아아아아악,clean
이년 < 3d 모델링 개꼴려짐,"1
이미지 순서 ON

2

3

4

5






이정도면 판때기보다 나은데",clean
심심,해요,clean
이년 < 그냥 노래 존나못함,"https://youtube.com/shorts/UoQfAzMwC-0?si=ELiFkjj9t5BN7K4e
 大阪公演まであと2日‼今日はソワレを見せちゃうよッ?
※ホロライブプロダクションから未成年の視聴者の方々へのお願い [カバー 未成年者の方々へ]で検索してお読みいただくか、下記リンクをご確認の上、お楽しみください。https://www.hololive.tv/request-to-minors
youtube.com



죽어죽어",clean
노래추천 - 만찬가,네,clean
님아 왜 굴보쌈 먹으러가자고하자마자,나감,clean
"대학생,교수 < 지식인 코스프레하는거 개패고싶음",21세기에 지식인이 어딨다고,clean
김건희 특검도 부결이고 탄핵도 200명 없어서 안되는듯,,clean
요즘 휴대폰 사진찍으면 서버 수색도됨?,ai 많이 발전했다,clean
ㅈ됫다,노로걸린듯,clean
보관용,"4년 전에 논술 붙고 신나서 왔었는데
그때랑 분위기도 똑같고 사람들도 똑같은거 같네..
전 성로갑니다 bb",LABEL_1
여자옷입는 정신병자들 처단해야함,윤석열식으로,LABEL_1
오토코노코 메이드카페,버킷리스트,clean
놀자니까???????????????,,clean
드라퀘노래를 국가로 지정하라,"https://youtu.be/hHVrQhlIIgI

키미가~~~~~~요와",clean
와 진짜안되겟다,"12월된 기념으로 치킨먹엇는데

몸이거부함",clean
삼숭상,,LABEL_9
우리나라 역사 한 6년은 결정낫네,6년안에 나갈수잇을까요,clean
놀자고,심심하다니까,clean
진짜로 다 척살하고 대석열 됐어야지 뭐했노,개석열이 뭐했노,clean
이래도 한국에서 살거야?,이래도??,clean
보수안락사는 신석열,,clean
계엄선포기념으로,소녀전선이나켜야겠어요,clean
윤석열씨발병신려낭,ㅋㅋㅋ,clean
유니 빨간약왜래이쁨,ㅁㅊ,clean
애니추천점,회복술사의 재시작 좋아함,clean
갑자기공허해짐,앞으로3주,clean
토할거같아,,clean
재밋네,재밋어,clean
얘도 곧 나갈듯,나 나가요,clean
놀자,고,clean
님아 왜나감,,clean
우하하,좌하하,LABEL_9
스타필드 ㅈㄴ크노잉,네,clean
근데 뭐 그런거아냐?,"겜이나 여캠만 하고싶은데
노래계속 시켜서",clean
홀로 또 졸업하네,나가자마자 100만찍는거 보면 구독자 40%는 따라오는데 나같아도 나갈덧,clean
놀자고샹년아,,LABEL_9
심심하니까,놉시다,clean
행시 준비할 때 여기 종종 왔었는데,군대 간다는 것부터 대학원 얘기까지 관음하던 기억이 새록새록하네요,LABEL_1
거지특,토익 pdf로 공부함,clean
왜 몇 년 전이랑 똑같은 사람들이,있는 것 같지?,clean
초고교급심심,,clean
일상글 왜씀,친구랑 대화를 하셈,clean
제인생 초딩이후로 눈 젤많이옴,,clean
수원에 눈옴?,하 눈봐야하는데 작년엔 조또안오더니 하필 이때오네,LABEL_1
원신다시할까,두창러시 끝났나 귀여운애들 슬슬나오는데,clean
자라,와거북이,clean
랩스야 놀자,랩놀,clean
아니 근데 좀 호감이신게,답장 늦었다고 걍 고봉밥으로 답장함,clean
대댓알림이왓는데,없어짐,clean
교토는 여고생들이,버스기사 부족 걱정하네 역시 갓본,clean
돈벌면 유희왕 반드시,해야죠,clean
놀노로놀놀놀놀자,,clean
극극극극극극극,대노,clean
똥싼거 치울생각하니까 존나좆같네,C+ 4개를 어케치우노 씨발,clean
배고파,심심해,clean
랩스님 이거봄?,,clean
날속인거니,,clean
이여자 다테사유리닮았네,"https://youtube.com/v/86QW48vX9F4?si=Vy9hVHyea_TwRPhh
 라틴녀에게 드립치다 드립으로 쳐맞기
시청해주셔서 감사합니다!
youtube.com


이정도면 쌍둥이아닌가",clean
복학하기싫노,내인생잘못된선택no1좆균관대,clean
저통프사 개많노,다 데리바리임?,clean
어렵다어려워,피지컬게임은안돼,clean
놀자이자이자슥아,,clean
추으버라,이으추버,clean
잼잇는게임없나,할게임이없네 말세다말세,clean
놀자구나,"놀라운
자전거
구나",clean
동덕여대 유일한 남학생되기 vs 재수한번더하기,,clean
랩스미친새기,개새기,clean
성대는 소고기 어우 맛있어,메디컬은 삵고기~,clean
그래서 언제 올라옴,네,clean
전과 5범 축하드립니다,ㅋㅋ,clean
환상에 살았다,,LABEL_9
님저놀,네,clean
초고교급 다쟈레,너무 재미없어서 초고교급 절망,clean
단간 2탄도 재밋네요,3탄은 안해봣니,clean
코로네가 메이플하는거보니까,일본메이플 시작할까,clean
수학주관식특,답 11아니면 13임,clean
근대 사탐하면,의대갈수잇음?,clean
성전환전문의가된 랩스,할인좀요,clean
수능전날 해야되는거,체인소맨 나온거 보세요,clean
수능 전날에 해야할일,,clean
랩스의 수능도시락,메뉴는 뭘까요,clean
인생망했네 씨발,잘못태어났다,clean
디도 졸업생도 이용가능하던가,디도에서 시간좀 때우다 갈까 하는데,clean
에어로스타인가 그거 한국에 언제나옴,나오면함,clean
근데진짜 복기해보면 사소한거1개로 갈림,타임머신있으면 이기는패엿는데 짐,clean
이사람왜 혼자하는거야,,clean
놀자고,,clean
럽코보는애들은 뚜두리맞아야함,만화는무족권 능배물,clean
이반에갸루는없다 세상으로 보내는 트럭,배송이 시작되었습니다,clean
추워잉,추츄,LABEL_9
머놀,머,clean
사기 아니니까 심심하면 검색해봐ㅎ,"트럼프 선거운동때 파이네트워크 링크를 건게 우연은 아니야.

아직은 무료 코인이니까 어서 가입해서 채굴하도록해.

절대 사기 아니니 찜찜하면 유튭 검색해보고 결정하던지.

내 아이디 추천 넣어야 너와 나 둘다 속도 빨라지니까

아래 블로그 잘보고 가입해.


파이코인으로 부자 됩니다. 저만 따라하세요.
출처 : oatlee님의.. | 블로그
-

https://naver.me/FzSzb3hX
 네이버
네이버
naver.me",clean
기시다 최저가 15.5엿대요,과연 따잇할지,clean
근데 내가말한게 이거였음,"단간론파에서 ""이 학교의 도서관에는 30년후에 기밀해제되는 문서가 있다""

그리고 물리실에 산소생성기있고 첨시작할때 우주여행 보여줌

-> 학교탈출하면 30년흘러있고 지구밖이다

이거 같은회사 다른게임에서 써먹은 트릭인데 똑같은건줄알았는데 맥거핀이엇음",clean
